id,first_name,last_name,email,gender,ip_address
1,Durand,Van Hesteren,dvanhesteren0@seesaa.net,Bigender,253.8.35.111
2,Cathrin,Aherne,caherne1@psu.edu,Female,142.26.184.3
3,Elianora,Pionter,epionter2@apple.com,Female,82.16.160.24
4,Benedick,Pettiford,bpettiford3@dmoz.org,Male,163.171.82.8
5,Mel,Stot,mstot4@twitpic.com,Female,173.238.70.25
6,Zechariah,Bushell,zbushell5@nyu.edu,Male,242.195.211.132
7,Dyann,Noe,dnoe6@weebly.com,Female,19.11.61.26
8,Barbra,Reddington,breddington7@cafepress.com,Bigender,149.89.219.47
9,Eveline,Gommey,egommey8@furl.net,Female,17.60.115.223
10,Tallie,Chartre,tchartre9@jalbum.net,Female,107.242.105.51
11,Mirelle,Coggeshall,mcoggeshalla@blogs.com,Female,52.214.173.191
12,Chicky,Acott,cacottb@usda.gov,Male,54.113.11.182
13,Reyna,Capron,rcapronc@moonfruit.com,Female,20.125.148.90
14,Leonid,Fulun,lfulund@sun.com,Male,6.201.114.153
15,Raven,McKern,rmckerne@uol.com.br,Female,79.70.17.13
16,Woodrow,Marrow,wmarrowf@ezinearticles.com,Male,196.105.215.66
17,Hyacinthe,Dulwich,hdulwichg@digg.com,Agender,42.233.180.60
18,Aylmar,Stilwell,astilwellh@nydailynews.com,Male,9.239.169.37
19,Zollie,Burlay,zburlayi@nydailynews.com,Male,62.229.206.252
20,Ilyse,Gisborne,igisbornej@trellian.com,Female,50.185.149.176
21,Lindi,Tewkesbury,ltewkesburyk@discovery.com,Female,208.100.10.139
22,Bonnibelle,Eplett,beplettl@yellowbook.com,Agender,227.58.55.198
23,Sax,Klawi,sklawim@webmd.com,Male,39.20.175.76
24,Dannye,Gladhill,dgladhilln@i2i.jp,Female,145.12.200.183
25,Juan,Aldwich,jaldwicho@nps.gov,Male,7.135.237.108
26,Avrom,Enrique,aenriquep@twitter.com,Male,64.174.241.145
27,Koo,Durant,kdurantq@ifeng.com,Female,23.150.247.46
28,Dorian,Olechnowicz,dolechnowiczr@fc2.com,Male,29.209.255.100
29,Brena,Cowland,bcowlands@hugedomains.com,Female,15.40.73.68
30,Ariana,Scoggins,ascogginst@theglobeandmail.com,Female,204.5.44.47
